Country,year,total_debt_issued_musd
Algeria,2000.0,301.0
Algeria,2001.0,148.0
Algeria,2002.0,251.0
Algeria,2003.0,319.0
Algeria,2004.0,62.0
Algeria,2005.0,156.0
Algeria,2006.0,136.0
Algeria,2007.0,88.0
Algeria,2013.0,295.0
Algeria,2016.0,981.0
Angola,2000.0,46.0
Angola,2001.0,6.0
Angola,2002.0,203.0
Angola,2003.0,83.0
Angola,2004.0,1150.0
Angola,2005.0,1340.0
Angola,2006.0,1244.0
Angola,2007.0,2328.0
Angola,2008.0,159.0
Angola,2009.0,3688.0
Angola,2010.0,3243.0
Angola,2011.0,2401.0
Angola,2012.0,1456.0
Angola,2013.0,4598.0
Angola,2014.0,5651.0
Angola,2015.0,7806.0
Angola,2016.0,15676.0
Angola,2017.0,3068.3
Angola,2018.0,9847.3
Angola,2019.0,6463.0
Angola,2020.0,4181.9
Angola,2021.0,4136.4
Angola,2022.0,7276.3
Angola,2023.0,8590.1
Angola,2024.0,26343.1
Angola,2025.0,1200.9
Benin,2000.0,125.0
Benin,2001.0,39.0
Benin,2002.0,51.0
Benin,2003.0,28.0
Benin,2004.0,119.0
Benin,2005.0,258.0
Benin,2006.0,50.0
Benin,2007.0,141.0
Benin,2008.0,72.0
Benin,2009.0,204.0
Benin,2010.0,296.0
Benin,2011.0,56.0
Benin,2012.0,163.0
Benin,2013.0,317.0
Benin,2014.0,1225.1
Benin,2015.0,1458.0
Benin,2016.0,857.9
Benin,2017.0,1392.0
Benin,2018.0,1467.6
Benin,2019.0,2168.4
Benin,2020.0,2790.6
Benin,2021.0,3742.7
Benin,2022.0,1570.2
Benin,2023.0,1531.4
Benin,2024.0,1646.3
Benin,2025.0,500.0
Botswana,2000.0,661.0
Botswana,2001.0,15.0
Botswana,2003.0,33.0
Botswana,2005.0,48.0
Botswana,2006.0,27.0
Botswana,2007.0,18.0
Botswana,2008.0,106.3
Botswana,2009.0,2938.4
Botswana,2010.0,731.5
Botswana,2011.0,635.1
Botswana,2012.0,469.1
Botswana,2013.0,187.7
Botswana,2014.0,211.9
Botswana,2015.0,199.2
Botswana,2016.0,254.7
Botswana,2017.0,480.7
Botswana,2018.0,345.5
Botswana,2019.0,299.4
Botswana,2020.0,777.2
Botswana,2021.0,1507.3
Botswana,2022.0,1304.7
Botswana,2023.0,1682.9
Botswana,2024.0,1171.6
Burkina Faso,2000.0,15.0
Burkina Faso,2001.0,220.0
Burkina Faso,2002.0,123.0
Burkina Faso,2003.0,149.0
Burkina Faso,2004.0,108.0
Burkina Faso,2005.0,147.0
Burkina Faso,2006.0,337.0
Burkina Faso,2007.0,274.0
Burkina Faso,2008.0,361.0
Burkina Faso,2009.0,88.0
Burkina Faso,2010.0,198.0
Burkina Faso,2011.0,35.0
Burkina Faso,2012.0,81.0
Burkina Faso,2013.0,525.0
Burkina Faso,2014.0,962.6
Burkina Faso,2015.0,903.8
Burkina Faso,2016.0,1503.4
Burkina Faso,2017.0,1761.9
Burkina Faso,2018.0,2750.8
Burkina Faso,2019.0,1620.3
Burkina Faso,2020.0,2418.6
Burkina Faso,2021.0,3823.7
Burkina Faso,2022.0,1613.8
Burkina Faso,2023.0,2485.6
Burkina Faso,2024.0,1543.9
Burundi,2000.0,35.0
Burundi,2001.0,48.0
Burundi,2002.0,90.0
Burundi,2004.0,253.0
Burundi,2005.0,46.0
Burundi,2006.0,4.0
Burundi,2008.0,86.0
Burundi,2009.0,8.0
Burundi,2010.0,6.0
Burundi,2011.0,30.0
Burundi,2012.0,47.0
Burundi,2013.0,64.4
Burundi,2014.0,56.6
Burundi,2015.0,148.6
Burundi,2016.0,366.9
Burundi,2017.0,600.1
Burundi,2018.0,274.9
Burundi,2019.0,81.1
Burundi,2020.0,228.8
Burundi,2021.0,278.1
Burundi,2022.0,646.2
Burundi,2023.0,330.5
Burundi,2024.0,887.7
Cameroon,2000.0,240.0
Cameroon,2001.0,153.0
Cameroon,2002.0,208.0
Cameroon,2003.0,37.0
Cameroon,2004.0,84.0
Cameroon,2005.0,129.0
Cameroon,2006.0,10.0
Cameroon,2007.0,449.0
Cameroon,2008.0,210.0
Cameroon,2009.0,495.0
Cameroon,2010.0,538.0
Cameroon,2011.0,1030.0
Cameroon,2012.0,1341.0
Cameroon,2013.0,1269.0
Cameroon,2014.0,1164.0
Cameroon,2015.0,3188.0
Cameroon,2016.0,1823.0
Cameroon,2017.0,3354.0
Cameroon,2018.0,1231.1
Cameroon,2019.0,2256.9
Cameroon,2020.0,2621.4
Cameroon,2021.0,3603.4
Cameroon,2022.0,2321.1
Cameroon,2023.0,2440.6
Cameroon,2024.0,1333.0
Cape Verde,2000.0,8.0
Cape Verde,2001.0,35.0
Cape Verde,2002.0,24.0
Cape Verde,2003.0,16.0
Cape Verde,2004.0,6.0
Cape Verde,2005.0,99.0
Cape Verde,2006.0,24.0
Cape Verde,2007.0,75.0
Cape Verde,2008.0,110.0
Cape Verde,2009.0,113.0
Cape Verde,2010.0,42.0
Cape Verde,2011.0,66.0
Cape Verde,2012.0,264.0
Cape Verde,2013.0,307.0
Cape Verde,2014.0,69.0
Cape Verde,2015.0,56.0
Cape Verde,2016.0,22.0
Cape Verde,2017.0,89.0
Cape Verde,2018.0,270.2
Cape Verde,2019.0,232.79999999999998
Cape Verde,2020.0,272.2
Cape Verde,2021.0,357.7
Cape Verde,2022.0,361.4
Cape Verde,2023.0,274.9
Cape Verde,2024.0,201.0
Central African Republic,2000.0,28.0
Central African Republic,2001.0,17.0
Central African Republic,2002.0,9.0
Central African Republic,2003.0,2.0
Central African Republic,2004.0,2.0
Central African Republic,2005.0,63.0
Central African Republic,2006.0,105.0
Central African Republic,2007.0,4.0
Central African Republic,2009.0,16.0
Central African Republic,2010.0,26.0
Central African Republic,2011.0,67.0
Central African Republic,2012.0,208.0
Central African Republic,2014.0,26.0
Central African Republic,2015.0,77.0
Central African Republic,2016.0,137.0
Central African Republic,2017.0,137.0
Central African Republic,2018.0,139.4
Central African Republic,2019.0,438.2
Central African Republic,2020.0,202.9
Central African Republic,2021.0,263.9
Central African Republic,2022.0,298.2
Central African Republic,2023.0,571.3
Central African Republic,2024.0,215.0
Chad,2000.0,251.0
Chad,2001.0,115.0
Chad,2002.0,67.0
Chad,2003.0,97.0
Chad,2004.0,62.0
Chad,2005.0,105.0
Chad,2006.0,10.0
Chad,2007.0,179.0
Chad,2008.0,71.0
Chad,2009.0,36.0
Chad,2010.0,51.0
Chad,2011.0,714.0
Chad,2012.0,114.0
Chad,2013.0,70.0
Chad,2014.0,402.0
Chad,2015.0,19.0
Chad,2016.0,190.0
Chad,2017.0,582.0
Chad,2018.0,782.2
Chad,2019.0,1291.5
Chad,2020.0,1799.9
Chad,2021.0,1558.1
Chad,2022.0,1832.6
Chad,2023.0,1298.8
Chad,2024.0,342.0
Comoros,2001.0,17.0
Comoros,2004.0,13.0
Comoros,2007.0,2.0
Comoros,2008.0,3.0
Comoros,2009.0,22.0
Comoros,2010.0,32.0
Comoros,2011.0,1.0
Comoros,2016.0,20.0
Comoros,2017.0,31.0
Comoros,2018.0,165.0
Comoros,2019.0,242.0
Comoros,2020.0,179.0
Comoros,2021.0,88.0
Comoros,2022.0,240.0
Comoros,2023.0,184.0
Comoros,2024.0,30.0
Congo,2001.0,43.0
Congo,2002.0,47.0
Congo,2003.0,290.0
Congo,2004.0,57.0
Congo,2005.0,696.0
Congo,2006.0,393.0
Congo,2007.0,573.0
Congo,2008.0,103.0
Congo,2009.0,40.0
Congo,2010.0,211.0
Congo,2011.0,211.0
Congo,2012.0,1213.0
Congo,2013.0,653.0
Congo,2014.0,545.0
Congo,2015.0,169.0
Congo,2016.0,278.0
Congo,2017.0,532.0
Congo,2018.0,99.0
Congo,2019.0,912.5
Congo,2020.0,1026.4
Congo,2021.0,1628.2
Congo,2022.0,1387.8
Congo,2023.0,1762.5
Congo,2024.0,240.0
Cote d'Ivoire,2000.0,132.0
Cote d'Ivoire,2001.0,14.0
Cote d'Ivoire,2002.0,946.0
Cote d'Ivoire,2003.0,40.0
Cote d'Ivoire,2004.0,27.0
Cote d'Ivoire,2006.0,18.0
Cote d'Ivoire,2007.0,117.0
Cote d'Ivoire,2008.0,92.0
Cote d'Ivoire,2009.0,583.0
Cote d'Ivoire,2010.0,2437.0
Cote d'Ivoire,2011.0,1243.0
Cote d'Ivoire,2012.0,285.0
Cote d'Ivoire,2013.0,847.0
Cote d'Ivoire,2014.0,3580.3
Cote d'Ivoire,2015.0,2933.0
Cote d'Ivoire,2016.0,3497.9
Cote d'Ivoire,2017.0,4880.2
Cote d'Ivoire,2018.0,4868.8
Cote d'Ivoire,2019.0,8173.0
Cote d'Ivoire,2020.0,11239.3
Cote d'Ivoire,2021.0,4694.4
Cote d'Ivoire,2022.0,6082.2
Cote d'Ivoire,2023.0,7456.3
Cote d'Ivoire,2024.0,7173.2
Democratic Republic of Congo,2000.0,10.0
Democratic Republic of Congo,2002.0,860.0
Democratic Republic of Congo,2003.0,559.0
Democratic Republic of Congo,2004.0,465.0
Democratic Republic of Congo,2005.0,383.0
Democratic Republic of Congo,2006.0,112.0
Democratic Republic of Congo,2007.0,584.0
Democratic Republic of Congo,2008.0,3389.0
Democratic Republic of Congo,2009.0,186.0
Democratic Republic of Congo,2010.0,53.0
Democratic Republic of Congo,2011.0,1129.0
Democratic Republic of Congo,2012.0,87.0
Democratic Republic of Congo,2014.0,255.0
Democratic Republic of Congo,2015.0,895.0
Democratic Republic of Congo,2016.0,2619.0
Democratic Republic of Congo,2017.0,1955.0
Democratic Republic of Congo,2018.0,607.0
Democratic Republic of Congo,2019.0,1274.0
Democratic Republic of Congo,2020.0,1761.0
Democratic Republic of Congo,2021.0,1839.3
Democratic Republic of Congo,2022.0,3272.3
Democratic Republic of Congo,2023.0,2839.9
Democratic Republic of Congo,2024.0,1444.5
Djibouti,2000.0,17.0
Djibouti,2001.0,22.0
Djibouti,2002.0,26.0
Djibouti,2003.0,44.0
Djibouti,2004.0,4.0
Djibouti,2005.0,43.0
Djibouti,2006.0,45.0
Djibouti,2007.0,67.0
Djibouti,2008.0,84.0
Djibouti,2009.0,32.0
Djibouti,2010.0,49.0
Djibouti,2011.0,33.0
Djibouti,2012.0,123.0
Djibouti,2013.0,1002.0
Djibouti,2014.0,13.0
Djibouti,2015.0,83.0
Djibouti,2016.0,658.0
Djibouti,2017.0,511.0
Djibouti,2018.0,342.0
Djibouti,2019.0,501.0
Djibouti,2020.0,357.0
Djibouti,2021.0,209.0
Djibouti,2022.0,428.0
Djibouti,2023.0,352.0
Djibouti,2024.0,110.0
Egypt,2000.0,59.0
Egypt,2001.0,116.0
Egypt,2002.0,109.0
Egypt,2003.0,232.0
Egypt,2004.0,86.0
Egypt,2005.0,624.0
Egypt,2006.0,1006.0
Egypt,2007.0,579.0
Egypt,2008.0,1135.0
Egypt,2009.0,40883.3
Egypt,2010.0,73086.1
Egypt,2011.0,94155.8
Egypt,2012.0,123223.0
Egypt,2013.0,144703.30000000002
Egypt,2014.0,188113.5
Egypt,2015.0,194851.69999999998
Egypt,2016.0,271826.8
Egypt,2017.0,256663.19999999998
Egypt,2018.0,231834.2
Egypt,2019.0,235479.7
Egypt,2020.0,295841.8
Egypt,2021.0,355017.3
Egypt,2022.0,322530.7
Egypt,2023.0,363891.89999999997
Egypt,2024.0,398439.1
Egypt,2025.0,2000.0
Equatorial Guinea,2001.0,12.0
Equatorial Guinea,2002.0,6.0
Equatorial Guinea,2003.0,10.0
Equatorial Guinea,2004.0,4.0
Equatorial Guinea,2005.0,9.0
Equatorial Guinea,2007.0,591.0
Equatorial Guinea,2008.0,115.0
Equatorial Guinea,2009.0,1072.0
Equatorial Guinea,2010.0,1081.0
Equatorial Guinea,2011.0,385.0
Equatorial Guinea,2012.0,504.0
Equatorial Guinea,2013.0,389.0
Equatorial Guinea,2015.0,833.0
Equatorial Guinea,2016.0,290.0
Equatorial Guinea,2017.0,644.0
Equatorial Guinea,2018.0,126.69999999999999
Equatorial Guinea,2019.0,2235.3
Equatorial Guinea,2020.0,452.5
Equatorial Guinea,2021.0,642.0
Equatorial Guinea,2022.0,233.5
Equatorial Guinea,2023.0,70.6
Eritrea,2000.0,183.0
Eritrea,2001.0,50.0
Eritrea,2002.0,90.0
Eritrea,2003.0,45.0
Eritrea,2004.0,57.0
Eritrea,2005.0,20.0
Eritrea,2006.0,33.0
Eritrea,2007.0,126.0
Eritrea,2009.0,29.0
Eritrea,2010.0,66.0
Eritrea,2011.0,123.0
Eritrea,2012.0,212.0
Eritrea,2013.0,107.0
Eritrea,2014.0,99.0
Eritrea,2015.0,116.0
Eritrea,2016.0,38.0
Eritrea,2017.0,4.0
Eritrea,2018.0,1618.0
Eritrea,2020.0,7.0
Eritrea,2021.0,47.0
Ethiopia,2000.0,476.0
Ethiopia,2001.0,364.0
Ethiopia,2002.0,382.0
Ethiopia,2003.0,49.0
Ethiopia,2004.0,216.0
Ethiopia,2005.0,652.0
Ethiopia,2006.0,309.0
Ethiopia,2007.0,2403.0
Ethiopia,2008.0,704.0
Ethiopia,2009.0,1529.0
Ethiopia,2010.0,2226.0
Ethiopia,2011.0,1600.0
Ethiopia,2012.0,2910.0
Ethiopia,2013.0,5963.0
Ethiopia,2014.0,4403.0
Ethiopia,2015.0,2306.0
Ethiopia,2016.0,2912.0
Ethiopia,2017.0,3728.0
Ethiopia,2018.0,5978.0
Ethiopia,2019.0,4588.7
Ethiopia,2020.0,5588.6
Ethiopia,2021.0,11340.5
Ethiopia,2022.0,11129.0
Ethiopia,2023.0,9139.3
Ethiopia,2024.0,4084.0
Gabon,2000.0,145.0
Gabon,2001.0,49.0
Gabon,2003.0,34.0
Gabon,2004.0,167.0
Gabon,2005.0,71.0
Gabon,2006.0,226.0
Gabon,2007.0,1564.0
Gabon,2008.0,552.0
Gabon,2009.0,131.0
Gabon,2010.0,382.0
Gabon,2011.0,276.0
Gabon,2012.0,393.0
Gabon,2013.0,2838.0
Gabon,2014.0,339.0
Gabon,2015.0,857.0
Gabon,2016.0,958.0
Gabon,2017.0,1660.0
Gabon,2018.0,903.7
Gabon,2019.0,1659.2
Gabon,2020.0,3427.4
Gabon,2021.0,2754.1
Gabon,2022.0,1309.7
Gabon,2023.0,1045.9
Gabon,2024.0,90.0
Gambia,2000.0,21.0
Gambia,2001.0,31.0
Gambia,2002.0,58.0
Gambia,2003.0,12.0
Gambia,2004.0,7.0
Gambia,2005.0,45.0
Gambia,2006.0,18.0
Gambia,2007.0,45.0
Gambia,2008.0,8.0
Gambia,2009.0,16.0
Gambia,2010.0,62.0
Gambia,2011.0,77.0
Gambia,2012.0,88.0
Gambia,2013.0,61.0
Gambia,2014.0,216.2
Gambia,2015.0,364.1
Gambia,2016.0,433.0
Gambia,2017.0,264.9
Gambia,2018.0,232.0
Gambia,2019.0,349.6
Gambia,2020.0,687.9
Gambia,2021.0,556.6
Gambia,2022.0,659.7
Gambia,2023.0,739.6
Gambia,2024.0,577.8
Ghana,2000.0,273.0
Ghana,2001.0,484.0
Ghana,2002.0,2300.2000000000003
Ghana,2003.0,499.0
Ghana,2004.0,439.0
Ghana,2005.0,1160.9
Ghana,2006.0,540.0
Ghana,2007.0,2856.7
Ghana,2008.0,1644.0
Ghana,2009.0,1797.5
Ghana,2010.0,1206.0
Ghana,2011.0,1018.0
Ghana,2012.0,2641.9
Ghana,2013.0,1480.0
Ghana,2014.0,1468.0
Ghana,2015.0,6015.3
Ghana,2016.0,19550.0
Ghana,2017.0,13293.0
Ghana,2018.0,12167.5
Ghana,2019.0,12003.4
Ghana,2020.0,17898.3
Ghana,2021.0,17800.2
Ghana,2022.0,10627.1
Ghana,2023.0,14565.0
Ghana,2024.0,16498.3
Ghana,2025.0,1597.4
Guinea,2000.0,45.0
Guinea,2001.0,237.0
Guinea,2002.0,27.0
Guinea,2003.0,57.0
Guinea,2004.0,47.0
Guinea,2005.0,34.0
Guinea,2006.0,16.0
Guinea,2007.0,124.0
Guinea,2008.0,11.0
Guinea,2009.0,13.0
Guinea,2010.0,14.0
Guinea,2011.0,27.0
Guinea,2012.0,948.0
Guinea,2013.0,421.0
Guinea,2014.0,411.0
Guinea,2015.0,213.0
Guinea,2016.0,587.0
Guinea,2017.0,387.0
Guinea,2018.0,2529.0
Guinea,2019.0,423.0
Guinea,2020.0,1359.0
Guinea,2021.0,394.0
Guinea,2022.0,372.0
Guinea,2023.0,593.0
Guinea,2024.0,175.0
Guinea-Bissau,2000.0,44.0
Guinea-Bissau,2002.0,26.0
Guinea-Bissau,2003.0,2.0
Guinea-Bissau,2004.0,3.0
Guinea-Bissau,2005.0,14.0
Guinea-Bissau,2009.0,8.0
Guinea-Bissau,2010.0,33.0
Guinea-Bissau,2014.0,55.6
Guinea-Bissau,2015.0,173.4
Guinea-Bissau,2016.0,75.1
Guinea-Bissau,2017.0,139.9
Guinea-Bissau,2018.0,155.8
Guinea-Bissau,2019.0,186.8
Guinea-Bissau,2020.0,206.5
Guinea-Bissau,2021.0,324.0
Guinea-Bissau,2022.0,277.2
Guinea-Bissau,2023.0,295.2
Guinea-Bissau,2024.0,408.0
Kenya,2000.0,590.0
Kenya,2001.0,138.0
Kenya,2002.0,44.0
Kenya,2003.0,448.2
Kenya,2004.0,555.0
Kenya,2005.0,201.0
Kenya,2006.0,557.4
Kenya,2007.0,1541.7
Kenya,2008.0,541.6
Kenya,2009.0,2004.4
Kenya,2010.0,2856.3
Kenya,2011.0,4850.1
Kenya,2012.0,8291.5
Kenya,2013.0,10244.2
Kenya,2014.0,13690.2
Kenya,2015.0,11733.5
Kenya,2016.0,17021.3
Kenya,2017.0,16847.3
Kenya,2018.0,18071.0
Kenya,2019.0,22309.4
Kenya,2020.0,20037.9
Kenya,2021.0,21037.5
Kenya,2022.0,16995.5
Kenya,2023.0,18415.8
Kenya,2024.0,21361.8
Kenya,2025.0,6568.8
Lesotho,2000.0,27.0
Lesotho,2001.0,60.0
Lesotho,2003.0,21.0
Lesotho,2004.0,24.0
Lesotho,2005.0,10.0
Lesotho,2006.0,18.0
Lesotho,2007.0,21.0
Lesotho,2008.0,42.0
Lesotho,2009.0,31.0
Lesotho,2010.0,133.0
Lesotho,2011.0,57.0
Lesotho,2012.0,102.2
Lesotho,2013.0,107.5
Lesotho,2014.0,86.5
Lesotho,2015.0,32.5
Lesotho,2016.0,96.1
Lesotho,2017.0,110.6
Lesotho,2018.0,363.3
Lesotho,2019.0,324.1
Lesotho,2020.0,332.7
Lesotho,2021.0,256.1
Lesotho,2022.0,161.5
Lesotho,2023.0,176.7
Lesotho,2024.0,143.0
Liberia,2008.0,981.0
Liberia,2010.0,129.0
Liberia,2011.0,128.0
Liberia,2012.0,337.0
Liberia,2013.0,624.9
Liberia,2014.0,117.0
Liberia,2015.0,209.8
Liberia,2016.0,179.0
Liberia,2017.0,151.0
Liberia,2018.0,32.0
Liberia,2019.0,382.0
Liberia,2020.0,223.0
Liberia,2021.0,263.0
Liberia,2022.0,457.9
Liberia,2023.0,706.8
Liberia,2024.0,483.0
Libya,2006.0,7.0
Libya,2009.0,300.0
Madagascar,2000.0,216.0
Madagascar,2001.0,361.0
Madagascar,2002.0,132.0
Madagascar,2003.0,238.0
Madagascar,2004.0,96.0
Madagascar,2005.0,258.0
Madagascar,2006.0,369.0
Madagascar,2007.0,197.0
Madagascar,2008.0,319.0
Madagascar,2009.0,73.0
Madagascar,2011.0,46.0
Madagascar,2012.0,229.0
Madagascar,2013.0,129.0
Madagascar,2014.0,325.0
Madagascar,2015.0,248.0
Madagascar,2016.0,733.0
Madagascar,2017.0,946.0
Madagascar,2018.0,490.0
Madagascar,2019.0,1092.9
Madagascar,2020.0,1366.3
Madagascar,2021.0,1444.3
Madagascar,2022.0,1462.4
Madagascar,2023.0,1465.4
Madagascar,2024.0,263.8
Malawi,2000.0,103.0
Malawi,2001.0,88.0
Malawi,2002.0,32.0
Malawi,2003.0,59.0
Malawi,2004.0,50.0
Malawi,2005.0,87.0
Malawi,2007.0,59.0
Malawi,2008.0,193.0
Malawi,2009.0,190.0
Malawi,2010.0,154.0
Malawi,2011.0,321.0
Malawi,2012.0,430.0
Malawi,2013.0,377.5
Malawi,2014.0,763.7
Malawi,2015.0,1026.2
Malawi,2016.0,762.1
Malawi,2017.0,621.5
Malawi,2018.0,1320.7
Malawi,2019.0,1164.9
Malawi,2020.0,1357.1
Malawi,2021.0,904.5
Malawi,2022.0,1343.6
Malawi,2023.0,1510.3
Malawi,2024.0,1457.9
Mali,2000.0,207.0
Mali,2001.0,199.0
Mali,2002.0,21.0
Mali,2003.0,45.0
Mali,2004.0,93.0
Mali,2005.0,241.0
Mali,2006.0,192.0
Mali,2007.0,314.0
Mali,2008.0,371.0
Mali,2009.0,411.0
Mali,2010.0,500.0
Mali,2011.0,499.0
Mali,2012.0,88.0
Mali,2013.0,986.0
Mali,2014.0,1434.0
Mali,2015.0,1059.7
Mali,2016.0,1110.6
Mali,2017.0,1273.6
Mali,2018.0,1442.3
Mali,2019.0,2121.4
Mali,2020.0,1918.8
Mali,2021.0,2065.0
Mali,2022.0,1046.6
Mali,2023.0,1954.3
Mali,2024.0,1067.9
Mauritania,2000.0,58.0
Mauritania,2001.0,184.0
Mauritania,2002.0,20.0
Mauritania,2003.0,55.0
Mauritania,2004.0,75.0
Mauritania,2005.0,83.0
Mauritania,2006.0,143.0
Mauritania,2007.0,321.0
Mauritania,2008.0,761.2
Mauritania,2009.0,460.0
Mauritania,2010.0,568.1
Mauritania,2011.0,1246.3
Mauritania,2012.0,901.0
Mauritania,2013.0,946.3
Mauritania,2014.0,514.3
Mauritania,2015.0,293.8
Mauritania,2016.0,1076.5
Mauritania,2017.0,1145.9
Mauritania,2018.0,293.6
Mauritania,2019.0,380.3
Mauritania,2020.0,1006.3
Mauritania,2021.0,366.1
Mauritania,2022.0,422.0
Mauritania,2023.0,531.7
Mauritania,2024.0,251.7
Mauritius,2000.0,28.0
Mauritius,2001.0,7.0
Mauritius,2002.0,56.0
Mauritius,2004.0,2.0
Mauritius,2005.0,23.5
Mauritius,2006.0,163.1
Mauritius,2007.0,629.2
Mauritius,2008.0,995.3
Mauritius,2009.0,3938.5
Mauritius,2010.0,3176.9
Mauritius,2011.0,2072.4
Mauritius,2012.0,1740.7
Mauritius,2013.0,1465.9
Mauritius,2014.0,2041.3999999999999
Mauritius,2015.0,2159.0
Mauritius,2016.0,3022.0
Mauritius,2017.0,3714.0
Mauritius,2018.0,4513.5
Mauritius,2019.0,4523.0
Mauritius,2020.0,3272.8
Mauritius,2021.0,5181.4
Mauritius,2022.0,5613.6
Mauritius,2023.0,2926.4
Mauritius,2024.0,983.0
Morocco,2000.0,807.1
Morocco,2001.0,990.1999999999999
Morocco,2002.0,814.5
Morocco,2003.0,1460.2
Morocco,2004.0,1628.7
Morocco,2005.0,2973.0
Morocco,2006.0,2463.7
Morocco,2007.0,2517.9
Morocco,2008.0,3293.8
Morocco,2009.0,3273.1
Morocco,2010.0,5123.3
Morocco,2011.0,3236.7
Morocco,2012.0,12314.1
Morocco,2013.0,5274.8
Morocco,2014.0,10496.8
Morocco,2015.0,3862.4
Morocco,2016.0,6489.1
Morocco,2017.0,3135.6
Morocco,2018.0,5788.4
Morocco,2019.0,9478.0
Morocco,2020.0,10872.4
Morocco,2021.0,3691.7
Morocco,2022.0,5304.8
Morocco,2023.0,8063.2
Morocco,2024.0,3428.6
Morocco,2025.0,1778.1
Mozambique,2000.0,228.0
Mozambique,2001.0,260.0
Mozambique,2002.0,226.0
Mozambique,2003.0,72.0
Mozambique,2004.0,208.0
Mozambique,2005.0,228.1
Mozambique,2006.0,262.0
Mozambique,2007.0,412.0
Mozambique,2008.0,494.0
Mozambique,2009.0,636.0
Mozambique,2010.0,700.0
Mozambique,2011.0,513.0
Mozambique,2012.0,1656.0
Mozambique,2013.0,1142.0
Mozambique,2014.0,1276.0
Mozambique,2015.0,918.0
Mozambique,2016.0,2403.9
Mozambique,2017.0,4735.2
Mozambique,2018.0,2973.2
Mozambique,2019.0,4538.0
Mozambique,2020.0,2992.2
Mozambique,2021.0,6174.4
Mozambique,2022.0,6565.1
Mozambique,2023.0,5064.2
Mozambique,2024.0,4920.5
Mozambique,2025.0,314.7
Namibia,2000.0,19.0
Namibia,2002.0,16.0
Namibia,2003.0,12.0
Namibia,2004.0,25.0
Namibia,2005.0,118.0
Namibia,2006.0,87.0
Namibia,2007.0,20.0
Namibia,2008.0,108.0
Namibia,2010.0,54.0
Namibia,2011.0,500.0
Namibia,2012.0,1573.0
Namibia,2013.0,1241.7
Namibia,2014.0,1063.4
Namibia,2015.0,1041.3
Namibia,2016.0,850.6
Namibia,2017.0,486.2
Namibia,2018.0,2846.5
Namibia,2019.0,2365.8
Namibia,2020.0,3050.6
Namibia,2021.0,4524.0
Namibia,2022.0,4271.3
Namibia,2023.0,3911.5
Namibia,2024.0,3276.6
Namibia,2025.0,321.1
Niger,2000.0,135.0
Niger,2001.0,134.0
Niger,2002.0,50.0
Niger,2003.0,96.0
Niger,2004.0,28.0
Niger,2005.0,135.0
Niger,2006.0,150.0
Niger,2008.0,1050.0
Niger,2009.0,211.0
Niger,2010.0,74.0
Niger,2011.0,598.0
Niger,2012.0,631.0
Niger,2013.0,330.0
Niger,2014.0,814.2
Niger,2015.0,819.2
Niger,2016.0,868.9
Niger,2017.0,985.6
Niger,2018.0,1733.2
Niger,2019.0,2639.9
Niger,2020.0,2519.1
Niger,2021.0,2552.2
Niger,2022.0,2580.4
Niger,2023.0,1269.6
Niger,2024.0,1499.5
Nigeria,2000.0,1135.0
Nigeria,2001.0,394.0
Nigeria,2002.0,11780.5
Nigeria,2003.0,16825.2
Nigeria,2004.0,14016.9
Nigeria,2005.0,16238.3
Nigeria,2006.0,8136.8
Nigeria,2007.0,15912.0
Nigeria,2008.0,15236.5
Nigeria,2009.0,12485.3
Nigeria,2010.0,20212.6
Nigeria,2011.0,21139.1
Nigeria,2012.0,25859.5
Nigeria,2013.0,35727.6
Nigeria,2014.0,26830.8
Nigeria,2015.0,22490.3
Nigeria,2016.0,20539.0
Nigeria,2017.0,25487.9
Nigeria,2018.0,18823.2
Nigeria,2019.0,17087.6
Nigeria,2020.0,22363.2
Nigeria,2021.0,29695.3
Nigeria,2022.0,20294.2
Nigeria,2023.0,18833.2
Nigeria,2024.0,16186.2
Nigeria,2025.0,846.8000000000001
Rwanda,2000.0,106.0
Rwanda,2001.0,128.0
Rwanda,2002.0,191.3
Rwanda,2003.0,148.1
Rwanda,2004.0,198.4
Rwanda,2005.0,74.6
Rwanda,2006.0,12.0
Rwanda,2008.0,26.2
Rwanda,2009.0,67.0
Rwanda,2010.0,145.20000000000002
Rwanda,2011.0,246.4
Rwanda,2012.0,517.2
Rwanda,2013.0,1466.4
Rwanda,2014.0,1363.3
Rwanda,2015.0,1546.1
Rwanda,2016.0,1962.3
Rwanda,2017.0,1940.2
Rwanda,2018.0,2073.7
Rwanda,2019.0,1848.9
Rwanda,2020.0,2713.9
Rwanda,2021.0,3058.5
Rwanda,2022.0,2538.6
Rwanda,2023.0,2403.2
Rwanda,2024.0,1729.4
Rwanda,2025.0,128.4
Sao Tome and Principe,2000.0,20.0
Sao Tome and Principe,2001.0,16.0
Sao Tome and Principe,2004.0,10.0
Sao Tome and Principe,2005.0,4.0
Sao Tome and Principe,2008.0,1.0
Sao Tome and Principe,2009.0,4.0
Sao Tome and Principe,2012.0,12.0
Sao Tome and Principe,2014.0,11.0
Sao Tome and Principe,2015.0,35.0
Sao Tome and Principe,2016.0,41.0
Sao Tome and Principe,2017.0,2.0
Sao Tome and Principe,2018.0,26.0
Sao Tome and Principe,2019.0,62.0
Sao Tome and Principe,2020.0,38.0
Sao Tome and Principe,2021.0,45.0
Sao Tome and Principe,2022.0,39.0
Sao Tome and Principe,2023.0,32.0
Sao Tome and Principe,2024.0,76.0
Senegal,2000.0,306.0
Senegal,2001.0,188.0
Senegal,2002.0,69.0
Senegal,2003.0,183.0
Senegal,2004.0,122.0
Senegal,2005.0,220.0
Senegal,2006.0,372.0
Senegal,2007.0,207.0
Senegal,2008.0,475.0
Senegal,2009.0,629.0
Senegal,2010.0,615.0
Senegal,2011.0,975.0
Senegal,2012.0,565.0
Senegal,2013.0,698.0
Senegal,2014.0,1791.0
Senegal,2015.0,2393.7
Senegal,2016.0,2513.2
Senegal,2017.0,3115.6
Senegal,2018.0,3895.0
Senegal,2019.0,2025.4
Senegal,2020.0,3885.7
Senegal,2021.0,4242.7
Senegal,2022.0,4589.8
Senegal,2023.0,4398.3
Senegal,2024.0,2451.5
Seychelles,2005.0,1.0
Seychelles,2006.0,202.0
Seychelles,2007.0,30.0
Seychelles,2008.0,26.0
Seychelles,2009.0,440.9
Seychelles,2010.0,214.8
Seychelles,2011.0,168.1
Seychelles,2012.0,257.5
Seychelles,2013.0,336.4
Seychelles,2014.0,335.0
Seychelles,2015.0,426.7
Seychelles,2016.0,506.1
Seychelles,2017.0,506.5
Seychelles,2018.0,447.4
Seychelles,2019.0,449.2
Seychelles,2020.0,429.2
Seychelles,2021.0,359.6
Seychelles,2022.0,161.9
Seychelles,2023.0,90.4
Seychelles,2024.0,199.1
Seychelles,2025.0,4.2
Sierra Leone,2000.0,73.0
Sierra Leone,2001.0,232.0
Sierra Leone,2002.0,29.0
Sierra Leone,2003.0,88.0
Sierra Leone,2004.0,48.0
Sierra Leone,2005.0,30.0
Sierra Leone,2006.0,111.0
Sierra Leone,2007.0,34.0
Sierra Leone,2008.0,44.0
Sierra Leone,2009.0,45.0
Sierra Leone,2010.0,132.0
Sierra Leone,2011.0,104.0
Sierra Leone,2012.0,1379.0
Sierra Leone,2013.0,402.0
Sierra Leone,2014.0,157.0
Sierra Leone,2015.0,30.0
Sierra Leone,2016.0,371.9
Sierra Leone,2017.0,1145.2
Sierra Leone,2018.0,391.2
Sierra Leone,2019.0,449.8
Sierra Leone,2020.0,580.7
Sierra Leone,2021.0,2715.1
Sierra Leone,2022.0,1192.2
Sierra Leone,2023.0,906.1
Sierra Leone,2024.0,1225.7
Somalia,2018.0,80.0
Somalia,2019.0,175.0
Somalia,2020.0,2369.0
Somalia,2021.0,595.0
Somalia,2022.0,599.0
Somalia,2023.0,615.0
Somalia,2024.0,280.0
South Africa,2000.0,390.0
South Africa,2001.0,1242.0
South Africa,2002.0,1137.0
South Africa,2003.0,1501.0
South Africa,2004.0,1101.0
South Africa,2005.0,178.0
South Africa,2006.0,1080.0
South Africa,2007.0,1110.0
South Africa,2008.0,1021.0
South Africa,2009.0,4475.0
South Africa,2010.0,56900.4
South Africa,2011.0,68836.1
South Africa,2012.0,68498.1
South Africa,2013.0,62684.7
South Africa,2014.0,60643.2
South Africa,2015.0,52562.9
South Africa,2016.0,57076.9
South Africa,2017.0,62130.5
South Africa,2018.0,61864.5
South Africa,2019.0,59976.2
South Africa,2020.0,68704.6
South Africa,2021.0,69235.3
South Africa,2022.0,62977.8
South Africa,2023.0,57543.0
South Africa,2024.0,3500.0
South Sudan,2013.0,425.0
South Sudan,2014.0,1400.0
South Sudan,2015.0,1921.0
South Sudan,2018.0,249.0
South Sudan,2019.0,737.0
South Sudan,2020.0,52.0
South Sudan,2021.0,173.0
Sudan,2000.0,358.0
Sudan,2001.0,174.0
Sudan,2002.0,97.0
Sudan,2003.0,1251.0
Sudan,2004.0,401.0
Sudan,2005.0,849.0
Sudan,2006.0,531.0
Sudan,2007.0,1174.0
Sudan,2008.0,653.0
Sudan,2009.0,1832.0
Sudan,2010.0,744.0
Sudan,2011.0,863.0
Sudan,2012.0,4002.0
Sudan,2013.0,672.0
Sudan,2014.0,439.0
Sudan,2015.0,169.0
Sudan,2016.0,329.0
Sudan,2017.0,302.0
Sudan,2018.0,30.0
Sudan,2019.0,320.0
Sudan,2020.0,285.0
Sudan,2021.0,1869.0
Sudan,2022.0,558.0
Sudan,2023.0,495.0
Sudan,2024.0,459.0
Swaziland,2000.0,1.0
Swaziland,2001.0,52.0
Swaziland,2002.0,9.0
Swaziland,2008.0,6.0
Swaziland,2010.0,14.0
Swaziland,2014.0,84.0
Swaziland,2015.0,356.2
Swaziland,2016.0,406.7
Swaziland,2017.0,384.3
Swaziland,2018.0,423.0
Swaziland,2019.0,453.6
Swaziland,2020.0,327.0
Swaziland,2021.0,202.4
Swaziland,2022.0,466.6
Swaziland,2023.0,120.9
Swaziland,2024.0,85.9
Tanzania,2000.0,565.0
Tanzania,2001.0,387.0
Tanzania,2002.0,76.0
Tanzania,2003.0,265.0
Tanzania,2004.0,424.0
Tanzania,2005.0,486.5
Tanzania,2006.0,854.7
Tanzania,2007.0,844.4
Tanzania,2008.0,991.8
Tanzania,2009.0,1315.1
Tanzania,2010.0,2261.7
Tanzania,2011.0,938.0
Tanzania,2012.0,3415.0
Tanzania,2013.0,4282.5
Tanzania,2014.0,4095.8
Tanzania,2015.0,3781.2
Tanzania,2016.0,2661.5
Tanzania,2017.0,4638.6
Tanzania,2018.0,3379.2
Tanzania,2019.0,3259.9
Tanzania,2020.0,3454.9
Tanzania,2021.0,3513.5
Tanzania,2022.0,5796.5
Tanzania,2023.0,5317.6
Tanzania,2024.0,3826.2
Togo,2000.0,7.0
Togo,2002.0,9.0
Togo,2004.0,27.0
Togo,2006.0,61.0
Togo,2007.0,10.0
Togo,2008.0,164.0
Togo,2009.0,227.0
Togo,2010.0,35.0
Togo,2011.0,101.0
Togo,2012.0,235.0
Togo,2013.0,84.0
Togo,2014.0,784.0
Togo,2015.0,643.7
Togo,2016.0,848.0
Togo,2017.0,1347.3
Togo,2018.0,722.8
Togo,2019.0,769.3
Togo,2020.0,1396.2
Togo,2021.0,1536.3
Togo,2022.0,1107.5
Togo,2023.0,2040.6
Togo,2024.0,1636.4
Tunisia,2000.0,1155.0
Tunisia,2001.0,1028.0
Tunisia,2002.0,927.0
Tunisia,2003.0,930.0
Tunisia,2004.0,1106.0
Tunisia,2005.0,1150.0
Tunisia,2006.0,611.0
Tunisia,2007.0,638.0
Tunisia,2008.0,1068.0
Tunisia,2009.0,1379.0
Tunisia,2010.0,1081.0
Tunisia,2011.0,2053.0
Tunisia,2012.0,2385.0
Tunisia,2013.0,2392.0
Tunisia,2014.0,1604.0
Tunisia,2015.0,2577.0
Tunisia,2016.0,4456.0
Tunisia,2017.0,4584.0
Tunisia,2018.0,3525.0
Tunisia,2019.0,1827.0
Tunisia,2020.0,3052.0
Tunisia,2021.0,1294.0
Tunisia,2022.0,1936.0
Tunisia,2023.0,812.0
Tunisia,2024.0,520.0
Uganda,2000.0,209.0
Uganda,2001.0,485.0
Uganda,2002.0,323.0
Uganda,2003.0,65.0
Uganda,2004.0,29.0
Uganda,2005.0,414.3
Uganda,2006.0,176.0
Uganda,2007.0,694.0
Uganda,2008.0,676.0
Uganda,2009.0,811.0
Uganda,2010.0,907.0
Uganda,2011.0,1019.7
Uganda,2012.0,486.8
Uganda,2013.0,940.1
Uganda,2014.0,1588.0
Uganda,2015.0,2527.0
Uganda,2016.0,870.2
Uganda,2017.0,449.0
Uganda,2018.0,834.8
Uganda,2019.0,2157.7
Uganda,2020.0,4039.3
Uganda,2021.0,4349.6
Uganda,2022.0,3226.3
Uganda,2023.0,4996.6
Uganda,2024.0,4235.9
Zambia,2000.0,378.0
Zambia,2001.0,58.0
Zambia,2002.0,112.0
Zambia,2003.0,29.0
Zambia,2004.0,461.0
Zambia,2005.0,44.0
Zambia,2006.0,119.0
Zambia,2007.0,165.0
Zambia,2008.0,797.0
Zambia,2009.0,322.0
Zambia,2010.0,396.0
Zambia,2011.0,956.0
Zambia,2012.0,1153.0
Zambia,2013.0,951.0
Zambia,2014.0,4168.5
Zambia,2015.0,3686.5
Zambia,2016.0,3719.2
Zambia,2017.0,4092.4
Zambia,2018.0,5502.3
Zambia,2019.0,2344.3
Zambia,2020.0,3001.0
Zambia,2021.0,3544.0
Zambia,2022.0,5987.8
Zambia,2023.0,5016.5
Zambia,2024.0,1889.0
Zimbabwe,2000.0,6.0
Zimbabwe,2001.0,7.0
Zimbabwe,2002.0,16.0
Zimbabwe,2003.0,6.0
Zimbabwe,2004.0,49.0
Zimbabwe,2005.0,27.0
Zimbabwe,2006.0,225.0
Zimbabwe,2007.0,253.0
Zimbabwe,2008.0,43.0
Zimbabwe,2010.0,54.0
Zimbabwe,2011.0,271.0
Zimbabwe,2012.0,217.0
Zimbabwe,2013.0,329.0
Zimbabwe,2014.0,324.0
Zimbabwe,2015.0,1122.0
Zimbabwe,2016.0,8.0
Zimbabwe,2017.0,65.0
Zimbabwe,2018.0,158.0
Zimbabwe,2019.0,143.0
Zimbabwe,2020.0,10.0
Zimbabwe,2021.0,129.0
Zimbabwe,2022.0,52.0
Zimbabwe,2023.0,15.0
